epoch,loss
1,1.168579339981079
2,1.1812909841537476
3,1.1497491598129272
